start,end
1584853148474918.0,1584853153675390.0
1584853472708637.0,1584853485758786.0
1584853840233726.0,1584853850693571.0
1584854125277516.0,1584854133927562.0
1584854691126522.0,1584854699946435.0
1584855088403533.0,1584855095533227.0
1584855293116385.0,1584855300716390.0
1584855464519407.0,1584855472689392.0
1584855536890523.0,1584855544360687.0
1584855559471093.0,1584855569671184.0
1584855803535727.0,1584855832296033.0
1584855922927452.0,1584855938238314.0
1584856010489352.0,1584856017498939.0
1584856051269889.0,1584856084770149.0
1584856084970417.0,1584856091570525.0
1584856454637048.0,1584856462326946.0
